{"b67e0975-9540-809b-8004-fc65ef462b6b":{"textTransform":"none","fontFamily":"DM Sans","fontStyle":"normal","fontWeight":"700","lineHeight":"1.2","path":"","letterSpacing":"0","name":"H3","fontVariantId":"700","fontSize":"18","fontId":"gfont-dm-sans"},"b67e0975-9540-809b-8004-fc65fa05e483":{"textTransform":"none","fontFamily":"DM Sans","fontStyle":"normal","fontWeight":"700","lineHeight":"1.2","path":"","letterSpacing":"0","name":"H2","fontVariantId":"700","fontSize":"24","fontId":"gfont-dm-sans"},"b67e0975-9540-809b-8004-fc65ef46c5bb":{"textTransform":"none","fontFamily":"DM Sans","fontStyle":"normal","fontWeight":"700","lineHeight":"1.2","path":"","letterSpacing":"0","name":"H5","fontVariantId":"700","fontSize":"14","fontId":"gfont-dm-sans"},"b67e0975-9540-809b-8004-fc65fa21ee86":{"textTransform":"none","fontFamily":"DM Sans","fontStyle":"normal","fontWeight":"700","lineHeight":"1.2","path":"","letterSpacing":"0","name":"H6","fontVariantId":"700","fontSize":"12","fontId":"gfont-dm-sans"},"b67e0975-9540-809b-8004-fc65ef489c6c":{"textTransform":"none","fontFamily":"DM Sans","fontStyle":"normal","fontWeight":"700","lineHeight":"1.2","path":"","letterSpacing":"0","name":"H4","fontVariantId":"700","fontSize":"16","fontId":"gfont-dm-sans"},"b67e0975-9540-809b-8004-fc65fa05e482":{"textTransform":"none","fontFamily":"DM Sans","fontStyle":"normal","fontWeight":"700","lineHeight":"1.2","path":"","letterSpacing":"0","name":"H1","fontVariantId":"700","fontSize":"30","fontId":"gfont-dm-sans"},"b67e0975-9540-809b-8004-fc65fa08b8a8":{"textTransform":"none","fontFamily":"DM Sans","fontStyle":"normal","fontWeight":"400","lineHeight":"1.2","path":"","letterSpacing":"0","name":"Paragraph","fontVariantId":"regular","fontSize":"24","fontId":"gfont-dm-sans"}}